,sport_permits,date_max,date_min,borough
0,0.0,14.8,2.0,Queens
1,0.9000000000000004,12.6,-0.20000000000000018,Brooklyn
2,0.8000000000000007,13.7,4.2,Brooklyn
3,0.3000000000000007,14.2,2.5999999999999996,Brooklyn
4,1.3000000000000007,10.9,-0.20000000000000018,Brooklyn
5,2.5,6.4,-0.7999999999999998,Brooklyn
6,0.0,9.2,-0.20000000000000018,Brooklyn
7,0.0,12.0,-0.20000000000000018,Manhattan
8,4.3,11.4,2.0,Brooklyn
9,1.0,8.1,-2.4,Brooklyn
10,0.0,8.1,-4.1,Manhattan
11,0.0,8.1,-4.7,Manhattan
12,0.0,7.0,-5.8,Manhattan
13,4.1,6.4,-2.4,Bronx
14,5.3,3.1,-6.3,Bronx
15,2.5,3.7,-5.8,Bronx
16,8.1,5.3,-3.0,Bronx
17,9.8,2.0,-5.8,Bronx
18,5.199999999999999,0.8999999999999999,-5.8,Bronx
19,3.5,9.2,-4.1,Bronx
20,3.0,10.3,0.2999999999999998,Brooklyn
21,6.1,8.7,-0.7999999999999998,Brooklyn
22,0.0,10.3,-1.9,Brooklyn
23,8.6,12.0,-0.7999999999999998,Brooklyn
24,8.1,10.9,1.4000000000000004,Brooklyn
25,4.8,10.9,-1.9,Brooklyn
26,0.0,8.7,-5.2,Queens
27,0.0,8.7,-2.4,Brooklyn
28,7.699999999999999,11.4,0.8999999999999999,Brooklyn
29,3.5999999999999996,10.3,3.0999999999999996,Brooklyn
30,1.8000000000000007,11.4,3.0999999999999996,Brooklyn
31,3.5,10.9,0.2999999999999998,Brooklyn
32,0.0,10.3,-1.3,Manhattan
33,10.0,16.4,-0.7999999999999998,Manhattan
34,10.0,17.6,2.0,Manhattan
35,10.0,15.9,-1.3,Manhattan
36,10.0,18.1,-1.3,Manhattan
37,10.3,17.6,4.8,Brooklyn
38,2.8,12.0,2.0,Brooklyn
39,2.5,13.1,4.8,Brooklyn
40,2.5,14.8,3.7,Brooklyn
41,0.8000000000000007,10.9,2.5999999999999996,Brooklyn
42,1.0,10.3,2.0,Brooklyn
43,1.4000000000000004,9.2,1.4000000000000004,Brooklyn
44,2.5,8.7,-1.9,Brooklyn
45,0.0,9.2,-2.4,Queens
46,1.8000000000000007,9.2,0.2999999999999998,Brooklyn
47,7.300000000000001,12.0,1.4000000000000004,Brooklyn
48,6.4,8.7,0.8999999999999999,Brooklyn
49,0.0,8.7,-0.7999999999999998,Manhattan
50,3.0,9.8,-1.3,Brooklyn
51,0.8000000000000007,12.0,4.8,Brooklyn
52,8.6,12.0,-0.20000000000000018,Brooklyn
53,0.0,10.3,-0.20000000000000018,Manhattan
54,1.4000000000000004,8.7,1.4000000000000004,Brooklyn
55,0.0,9.2,-0.20000000000000018,Brooklyn
56,1.3000000000000007,7.0,-4.1,Bronx
57,0.0,8.7,-5.2,Manhattan
58,3.5999999999999996,8.7,-3.6,Bronx
59,0.8000000000000007,7.0,-1.9,Bronx
60,0.0,8.1,-1.9,Manhattan
61,2.0,8.7,0.8999999999999999,Brooklyn
62,0.0,14.2,3.7,Manhattan
63,0.0,12.6,3.7,Brooklyn
64,6.9,9.8,-1.9,Brooklyn
65,0.5,8.7,-3.0,Bronx
66,0.0,10.9,-4.7,Manhattan
67,10.0,17.6,-2.4,Manhattan
68,3.5999999999999996,11.4,2.0,Brooklyn
69,0.40000000000000036,9.2,3.0999999999999996,Brooklyn
70,3.6999999999999993,8.7,-0.20000000000000018,Brooklyn
71,9.3,10.3,-2.4,Bronx
72,9.4,7.6,-2.4,Bronx
73,8.6,9.8,-1.9,Brooklyn
74,3.8999999999999986,13.1,2.5999999999999996,Bronx
75,8.4,10.9,0.8999999999999999,Brooklyn
76,9.4,12.0,-2.4,Bronx
77,3.5999999999999996,7.0,-3.6,Brooklyn
78,2.0,9.2,-4.1,Brooklyn
79,3.5999999999999996,9.8,-0.7999999999999998,Brooklyn
80,1.3000000000000007,10.9,-1.9,Brooklyn
81,4.1,12.0,-1.3,Brooklyn
82,0.0,14.2,-2.4,Manhattan
83,10.0,17.0,0.2999999999999998,Manhattan
84,10.0,15.3,-0.7999999999999998,Brooklyn
85,0.0,14.8,3.0999999999999996,Queens
86,14.8,16.4,3.7,Brooklyn
87,1.3000000000000007,12.6,4.2,Brooklyn
88,7.399999999999999,12.0,3.0999999999999996,Brooklyn
89,5.6,11.4,2.0,Brooklyn
90,3.1999999999999993,12.0,-0.20000000000000018,Brooklyn
91,1.5,10.9,1.4000000000000004,Brooklyn
92,10.0,18.7,1.4000000000000004,Manhattan
93,1.5,13.7,0.2999999999999998,Brooklyn
94,0.0,12.6,-0.20000000000000018,Manhattan
95,4.6,11.4,-0.20000000000000018,Bronx
96,0.3000000000000007,13.1,0.2999999999999998,Brooklyn
97,10.0,18.1,-1.3,Manhattan
98,10.0,23.1,4.2,Manhattan
99,10.0,22.0,3.0999999999999996,Manhattan
100,10.0,19.8,5.9,Brooklyn
101,2.3,13.1,4.2,Brooklyn
102,10.5,15.9,2.5999999999999996,Brooklyn
103,10.0,17.0,0.8999999999999999,Queens
104,10.0,17.6,0.2999999999999998,Manhattan
105,10.0,18.1,4.2,Brooklyn
106,18.1,15.3,3.7,Brooklyn
107,1.8000000000000007,12.0,1.4000000000000004,Brooklyn
108,11.8,15.3,4.2,Brooklyn
109,20.9,15.9,2.0,Brooklyn
110,16.6,15.3,3.7,Brooklyn
111,10.0,22.0,1.4000000000000004,Manhattan
112,10.0,25.3,5.300000000000001,Brooklyn
113,10.0,23.7,5.9,Manhattan
114,14.3,15.9,7.0,Brooklyn
115,20.7,18.7,5.9,Brooklyn
116,13.8,15.9,3.7,Brooklyn
117,10.8,15.3,3.0999999999999996,Brooklyn
118,10.0,18.1,5.300000000000001,Queens
119,14.3,17.6,5.9,Brooklyn
120,4.3,14.8,4.2,Brooklyn
121,0.5,13.7,3.0999999999999996,Brooklyn
122,10.5,15.3,2.5999999999999996,Brooklyn
123,8.5,13.1,4.2,Brooklyn
124,1.8000000000000007,14.2,3.0999999999999996,Brooklyn
125,10.0,15.3,2.0,Manhattan
126,10.0,19.8,2.0,Manhattan
127,10.0,25.9,3.0999999999999996,Manhattan
128,10.0,20.3,6.4,Manhattan
129,10.0,15.3,3.7,Brooklyn
130,10.0,16.4,0.8999999999999999,Manhattan
131,10.0,20.3,1.4000000000000004,Manhattan
132,10.0,26.4,3.7,Manhattan
133,10.0,27.6,6.4,Manhattan
134,10.0,28.7,9.8,Manhattan
135,10.0,26.4,6.4,Queens
136,10.0,21.4,6.4,Manhattan
137,10.0,19.8,3.7,Brooklyn
138,10.0,17.6,4.8,Brooklyn
139,10.0,21.4,4.2,Manhattan
140,16.4,16.4,8.7,Brooklyn
141,24.0,18.7,7.0,Brooklyn
142,6.1,14.8,5.9,Brooklyn
143,10.3,16.4,5.9,Brooklyn
144,10.0,19.2,5.9,Brooklyn
145,10.0,24.2,5.9,Brooklyn
146,10.0,24.2,5.9,Manhattan
147,10.0,19.2,8.7,Manhattan
148,10.0,18.7,7.0,Brooklyn
149,10.0,18.1,4.8,Manhattan
150,10.3,20.9,8.1,Brooklyn
151,13.8,19.8,9.2,Brooklyn
152,16.6,22.0,9.8,Brooklyn
153,10.3,20.9,7.6,Brooklyn
154,10.0,19.2,6.4,Manhattan
155,1.3000000000000007,14.8,5.9,Brooklyn
156,26.0,15.3,5.300000000000001,Brooklyn
157,10.0,18.1,3.0999999999999996,Manhattan
158,26.5,18.1,5.9,Brooklyn
159,11.5,17.0,5.300000000000001,Brooklyn
160,10.0,19.2,5.300000000000001,Brooklyn
161,10.0,20.9,7.0,Manhattan
162,10.0,25.3,7.0,Brooklyn
163,10.8,20.3,9.8,Brooklyn
164,10.0,18.1,8.1,Manhattan
165,10.0,19.2,7.0,Manhattan
166,10.0,24.2,6.4,Manhattan
167,10.0,23.1,12.0,Brooklyn
168,10.0,20.9,8.7,Manhattan
169,13.0,19.2,7.0,Brooklyn
170,11.0,21.4,7.0,Brooklyn
171,10.0,26.4,7.0,Manhattan
172,10.0,25.9,8.7,Manhattan
173,25.7,15.9,8.7,Brooklyn
174,18.6,17.6,6.4,Brooklyn
175,10.0,21.4,6.4,Queens
176,10.5,21.4,8.1,Brooklyn
177,10.0,20.3,7.6,Brooklyn
178,10.0,24.8,5.9,Manhattan
179,10.0,24.2,8.7,Brooklyn
180,10.3,23.7,12.0,Brooklyn
181,13.0,22.0,10.3,Brooklyn
182,10.0,22.0,9.2,Brooklyn
183,12.0,20.9,8.7,Brooklyn
184,15.8,20.3,7.6,Brooklyn
185,10.0,22.6,6.4,Manhattan
186,10.0,26.4,7.6,Queens
187,10.0,27.0,8.1,Manhattan
188,10.0,28.7,9.8,Manhattan
189,10.0,20.3,11.4,Brooklyn
190,11.5,27.0,9.8,Brooklyn
191,10.0,25.9,8.1,Queens
192,10.0,29.8,10.3,Staten Island
193,10.0,27.6,10.3,Queens
194,10.5,25.3,10.9,Brooklyn
195,10.0,27.0,12.0,Brooklyn
196,10.0,20.9,10.3,Brooklyn
197,10.3,28.1,10.3,Brooklyn
198,10.0,23.7,12.0,Manhattan
199,10.0,23.1,11.4,Manhattan
200,10.0,27.0,11.4,Manhattan
201,25.2,21.4,10.9,Brooklyn
202,10.0,25.9,10.9,Manhattan
203,11.0,22.6,9.2,Brooklyn
204,10.0,20.9,8.1,Brooklyn
205,10.0,25.3,9.2,Manhattan
206,10.0,28.7,9.8,Manhattan
207,10.0,27.6,9.8,Queens
208,10.0,20.9,10.9,Queens
209,10.0,24.2,10.3,Queens
210,10.0,24.8,12.0,Manhattan
211,10.0,21.4,10.3,Manhattan
212,10.0,24.8,10.9,Manhattan
213,10.0,25.9,10.3,Queens
214,10.0,25.3,9.2,Manhattan
215,10.0,29.2,9.8,Manhattan
216,10.0,25.9,13.7,Manhattan
217,10.0,25.9,14.8,Manhattan
218,10.0,20.3,12.6,Brooklyn
219,10.0,23.1,12.0,Queens
220,10.0,24.2,12.0,Manhattan
221,10.0,26.4,11.4,Queens
222,10.0,27.6,9.2,Manhattan
223,10.0,20.3,10.3,Manhattan
224,10.0,22.6,12.0,Manhattan
225,10.0,22.6,12.0,Manhattan
226,10.0,20.9,10.9,Manhattan
227,10.0,23.1,13.7,Manhattan
228,10.0,26.4,15.3,Manhattan
229,10.0,24.799999999999997,13.100000000000001,Manhattan
230,10.0,23.7,11.4,Queens
231,10.0,25.3,12.0,Queens
232,10.0,27.6,12.0,Manhattan
233,10.0,25.3,10.3,Brooklyn
234,10.0,24.2,10.3,Manhattan
235,10.0,23.1,10.9,Manhattan
236,10.0,24.2,7.0,Manhattan
237,10.0,28.1,8.7,Manhattan
238,10.0,23.1,9.2,Manhattan
239,10.0,25.9,10.3,Manhattan
240,10.0,24.8,9.2,Manhattan
241,10.0,24.8,10.3,Manhattan
242,10.0,24.8,9.8,Manhattan
243,10.0,24.2,7.6,Manhattan
244,10.0,23.7,7.6,Manhattan
245,10.0,23.1,7.0,Manhattan
246,10.0,24.8,9.8,Manhattan
247,10.0,26.4,8.1,Manhattan
248,10.0,28.1,8.7,Manhattan
249,10.0,20.3,11.4,Manhattan
250,10.0,24.200000000000003,10.3,Manhattan
251,10.0,27.0,10.3,Manhattan
252,10.3,20.9,10.9,Brooklyn
253,10.3,22.0,8.7,Brooklyn
254,10.0,22.0,5.9,Manhattan
255,10.0,24.2,7.0,Manhattan
256,10.0,29.8,8.7,Manhattan
257,10.0,28.1,8.1,Manhattan
258,10.0,24.2,8.1,Manhattan
259,10.0,26.4,6.4,Manhattan
260,10.0,29.8,8.7,Staten Island
261,10.0,29.8,8.7,Manhattan
262,10.0,25.9,8.7,Queens
263,10.0,21.4,7.0,Queens
264,10.0,18.1,9.8,Queens
265,10.3,21.4,8.7,Brooklyn
266,10.0,21.4,7.0,Staten Island
267,10.0,23.1,7.0,Staten Island
268,10.0,21.4,8.1,Manhattan
269,10.0,21.4,6.4,Queens
270,10.0,24.8,7.0,Queens
271,10.0,27.0,9.2,Brooklyn
272,10.0,22.6,9.2,Manhattan
273,10.0,23.1,4.8,Manhattan
274,10.0,25.3,5.9,Manhattan
275,10.0,19.8,7.0,Manhattan
276,10.0,20.9,4.8,Manhattan
277,10.0,20.9,5.300000000000001,Manhattan
278,10.0,23.7,5.9,Manhattan
279,10.0,25.9,4.8,Manhattan
280,10.0,25.9,4.8,Manhattan
281,10.0,23.1,4.8,Manhattan
282,10.0,18.1,5.9,Queens
283,0.0,14.2,5.300000000000001,Queens
284,10.0,15.9,4.2,Queens
285,12.0,15.9,5.9,Brooklyn
286,14.8,17.6,9.2,Brooklyn
287,26.5,19.8,10.3,Brooklyn
288,17.9,19.2,8.1,Brooklyn
289,10.0,18.1,5.300000000000001,Manhattan
290,10.0,16.4,3.0999999999999996,Manhattan
291,20.8,19.8,3.7,Brooklyn
292,14.8,17.0,6.4,Brooklyn
293,0.5,13.1,3.0999999999999996,Brooklyn
294,6.4,13.7,1.4000000000000004,Brooklyn
295,8.9,9.8,0.2999999999999998,Brooklyn
296,0.0,13.1,2.5999999999999996,Brooklyn
297,7.1,13.7,3.0999999999999996,Brooklyn
298,0.0,13.7,3.7,Manhattan
299,1.5,13.1,4.2,Brooklyn
300,23.1,16.4,6.4,Brooklyn
301,16.1,16.4,7.0,Brooklyn
302,20.9,17.6,7.0,Brooklyn
303,10.0,17.0,9.2,Brooklyn
304,24.5,17.6,8.1,Brooklyn
305,19.7,17.0,7.6,Brooklyn
306,15.6,17.0,7.6,Brooklyn
307,10.5,17.6,8.1,Brooklyn
308,18.1,19.8,9.8,Brooklyn
309,10.8,17.0,4.8,Brooklyn
310,0.3000000000000007,14.8,3.7,Brooklyn
311,0.0,14.2,0.8999999999999999,Brooklyn
312,0.0,12.0,-1.9,Brooklyn
313,0.0,10.9,-1.9,Brooklyn
314,0.0,9.8,-3.6,Manhattan
315,5.199999999999999,10.9,-1.9,Brooklyn
316,3.5999999999999996,14.8,3.0999999999999996,Brooklyn
317,5.3,13.1,4.8,Brooklyn
318,0.8000000000000007,13.1,2.0,Brooklyn
319,0.0,11.4,-0.20000000000000018,Queens
320,5.6,11.4,-0.7999999999999998,Brooklyn
321,6.1,14.2,3.0999999999999996,Brooklyn
322,7.9,12.0,3.0999999999999996,Brooklyn
323,10.0,15.3,5.300000000000001,Brooklyn
324,3.8,13.1,4.2,Brooklyn
325,1.1999999999999993,10.3,0.8999999999999999,Brooklyn
326,0.0,10.9,-0.20000000000000018,Brooklyn
327,12.0,11.4,3.0999999999999996,Brooklyn
328,0.0,10.9,0.8999999999999999,Brooklyn
329,0.0,10.3,-1.9,Queens
330,0.0,11.4,-1.3,Staten Island
331,0.0,12.0,-1.3,Manhattan
332,2.8,11.4,-0.7999999999999998,Brooklyn
333,1.5,14.8,4.8,Brooklyn
334,10.0,17.0,4.8,Brooklyn
335,14.1,15.3,5.300000000000001,Brooklyn
336,9.600000000000001,10.3,4.2,Brooklyn
337,3.0,11.4,4.2,Brooklyn
338,4.199999999999999,13.7,4.2,Brooklyn
339,1.5,10.9,1.4000000000000004,Brooklyn
340,1.5,9.2,3.0999999999999996,Brooklyn
341,1.0,9.8,0.2999999999999998,Brooklyn
342,0.0,8.7,0.2999999999999998,Manhattan
343,1.5,8.7,-0.20000000000000018,Brooklyn
344,0.5,9.2,2.5999999999999996,Brooklyn
345,3.0,9.8,2.5999999999999996,Brooklyn
346,8.1,8.7,1.4000000000000004,Brooklyn
347,2.3,9.2,0.2999999999999998,Brooklyn
348,7.9,8.1,-1.9,Brooklyn
349,5.3,6.4,-2.4,Bronx
350,2.6000000000000014,8.7,0.2999999999999998,Bronx
351,2.0,10.3,-1.3,Brooklyn
352,3.3,5.9,-2.4,Bronx
353,3.6999999999999993,10.3,-1.3,Bronx
354,3.1999999999999993,9.2,-2.4,Brooklyn
355,1.8000000000000007,10.3,-4.7,Brooklyn
356,3.3,10.3,0.8999999999999999,Brooklyn
357,6.6,9.2,0.2999999999999998,Brooklyn
358,0.3000000000000007,7.6,-0.20000000000000018,Brooklyn
359,3.5,7.6,-0.20000000000000018,Bronx
360,4.6,8.7,0.2999999999999998,Brooklyn
361,4.1,9.8,0.2999999999999998,Brooklyn
362,0.0,10.3,0.8999999999999999,Brooklyn
363,1.5,7.0,0.2999999999999998,Brooklyn
364,0.0,6.4,-3.0,Queens
365,0.0,5.3,-4.1,Queens
366,0.0,7.0,-5.8,Manhattan
367,0.0,8.1,-4.1,Manhattan
368,4.1,8.7,-4.7,Brooklyn
369,2.5,12.0,-0.7999999999999998,Brooklyn
370,3.0,8.7,1.4000000000000004,Brooklyn
371,2.0,9.2,-0.20000000000000018,Brooklyn
372,2.3,12.0,1.4000000000000004,Brooklyn
373,6.300000000000001,13.7,2.5999999999999996,Brooklyn
374,18.4,12.0,-1.3,Brooklyn
375,0.3000000000000007,5.3,-3.6,Bronx
376,0.0,4.8,-5.8,Queens
377,0.0,4.8,-6.9,Manhattan
378,0.0,4.2,-7.4,Manhattan
379,0.0,5.3,-5.2,Manhattan
380,0.0,8.7,-3.6,Manhattan
381,0.0,8.1,-6.9,Queens
382,0.0,5.9,-5.8,Queens
383,0.0,5.3,-4.1,Queens
384,0.0,3.1,-3.6,Queens
385,0.0,5.3,-3.6,Queens
386,0.0,4.2,-4.7,Queens
387,0.0,5.3,-4.7,Queens
388,5.1,9.2,-0.7999999999999998,Brooklyn
389,5.8,9.2,-1.9,Brooklyn
390,3.0,12.6,-0.20000000000000018,Brooklyn
391,2.3,10.3,0.8999999999999999,Brooklyn
392,1.8000000000000007,7.6,0.8999999999999999,Brooklyn
393,7.9,8.1,0.2999999999999998,Brooklyn
394,4.3,10.3,2.0,Brooklyn
395,3.5999999999999996,10.9,3.7,Brooklyn
396,3.0,11.4,4.2,Brooklyn
397,0.3000000000000007,13.7,2.0,Brooklyn
398,0.0,8.1,-0.20000000000000018,Queens
399,2.3,10.9,-0.20000000000000018,Brooklyn
400,0.0,12.6,3.7,Brooklyn
401,3.3,12.0,3.7,Brooklyn
402,1.0,12.6,3.0999999999999996,Brooklyn
403,1.3000000000000007,11.4,0.2999999999999998,Brooklyn
404,0.0,9.8,-0.7999999999999998,Manhattan
405,0.3000000000000007,10.3,1.4000000000000004,Brooklyn
406,0.0,10.9,-1.3,Queens
407,0.3000000000000007,10.3,1.4000000000000004,Brooklyn
408,1.0,13.1,4.2,Brooklyn
409,2.3,11.4,4.2,Brooklyn
410,1.0,11.4,2.5999999999999996,Brooklyn
411,10.0,15.3,2.0,Queens
412,0.0,13.1,0.8999999999999999,Brooklyn
413,0.0,11.4,1.4000000000000004,Brooklyn
414,0.0,9.8,0.8999999999999999,Brooklyn
415,0.0,12.6,-1.3,Manhattan
416,1.5,9.8,-1.9,Brooklyn
417,0.5,8.7,0.8999999999999999,Brooklyn
418,9.4,9.8,0.8999999999999999,Brooklyn
419,0.3000000000000007,12.0,0.8999999999999999,Brooklyn
420,0.0,10.9,2.0,Brooklyn
421,2.3,12.6,0.2999999999999998,Brooklyn
422,0.5,10.9,0.8999999999999999,Brooklyn
423,4.6,12.0,1.4000000000000004,Brooklyn
424,8.1,13.7,3.7,Brooklyn
425,14.1,17.0,8.1,Brooklyn
426,10.8,15.9,2.0,Brooklyn
427,0.0,13.1,-0.7999999999999998,Manhattan
428,10.0,15.3,-3.0,Manhattan
429,0.0,11.4,3.0999999999999996,Brooklyn
430,1.9000000000000004,9.2,2.0,Brooklyn
431,7.4,14.2,2.0,Brooklyn
432,0.0,13.7,-0.7999999999999998,Queens
433,0.0,14.8,-1.9,Staten Island
434,0.8000000000000007,9.8,0.8999999999999999,Brooklyn
435,1.3000000000000007,12.6,3.0999999999999996,Brooklyn
436,2.0,14.8,7.0,Brooklyn
437,2.3,13.7,6.4,Brooklyn
438,2.8,13.7,6.4,Brooklyn
439,10.0,16.4,5.9,Brooklyn
440,4.3,12.6,1.4000000000000004,Brooklyn
441,0.0,10.9,0.8999999999999999,Manhattan
442,0.0,13.7,0.8999999999999999,Brooklyn
443,1.6999999999999993,14.8,-1.3,Brooklyn
444,9.9,13.1,1.4000000000000004,Brooklyn
445,8.1,12.0,-0.7999999999999998,Bronx
446,0.0,11.4,-2.4,Manhattan
447,0.0,12.0,-1.9,Manhattan
448,0.0,14.2,-2.4,Manhattan
449,10.0,18.7,1.4000000000000004,Manhattan
450,10.0,18.7,3.0999999999999996,Manhattan
451,10.3,15.3,4.2,Brooklyn
452,12.0,18.1,5.300000000000001,Brooklyn
453,10.0,20.3,4.8,Brooklyn
454,10.0,22.0,2.5999999999999996,Queens
455,10.0,22.6,3.7,Manhattan
456,10.0,19.2,5.300000000000001,Manhattan
457,10.0,15.9,5.9,Manhattan
458,10.0,18.7,4.8,Manhattan
459,18.4,16.4,7.0,Staten Island
460,28.5,15.9,7.0,Staten Island
461,2.6999999999999993,14.2,4.2,Staten Island
462,19.1,10.3,2.0,Staten Island
463,10.8,15.3,3.0999999999999996,Staten Island
464,0.0,14.2,3.0999999999999996,Manhattan
465,19.4,17.0,5.9,Manhattan
466,1.5,14.2,3.7,Staten Island
467,9.7,9.8,1.4000000000000004,Staten Island
468,9.4,12.6,0.2999999999999998,Staten Island
469,5.8,14.8,1.4000000000000004,Staten Island
470,10.0,15.9,1.4000000000000004,Staten Island
471,10.3,15.9,0.2999999999999998,Manhattan
472,10.0,17.0,0.8999999999999999,Queens
473,5.3,13.7,3.7,Staten Island
474,20.6,15.3,6.4,Staten Island
475,10.0,15.9,5.300000000000001,Manhattan
476,3.3,14.2,3.7,Manhattan
477,10.0,18.1,2.0,Manhattan
478,10.0,19.8,0.8999999999999999,Manhattan
479,10.0,23.1,3.0999999999999996,Manhattan
480,10.0,23.7,3.7,Manhattan
481,10.0,22.6,5.300000000000001,Staten Island
482,10.0,15.9,7.6,Manhattan
483,11.0,17.0,6.4,Queens
484,13.8,15.9,3.7,Staten Island
485,0.0,14.8,1.4000000000000004,Manhattan
486,10.0,20.3,0.2999999999999998,Manhattan
487,10.0,22.6,3.7,Manhattan
488,10.0,23.7,6.4,Manhattan
489,10.0,27.0,8.1,Manhattan
490,10.0,20.9,8.7,Manhattan
491,10.0,22.6,9.2,Manhattan
492,10.0,22.6,8.1,Manhattan
493,10.0,21.4,8.1,Manhattan
494,10.0,24.8,7.0,Manhattan
495,10.0,28.1,6.4,Manhattan
496,10.0,29.2,9.2,Manhattan
497,16.6,23.7,10.9,Staten Island
498,13.3,20.9,6.4,Manhattan
499,10.0,20.3,4.8,Manhattan
500,11.0,19.2,5.9,Staten Island
501,10.0,23.7,9.2,Staten Island
502,10.5,19.2,8.7,Manhattan
503,10.0,18.7,8.1,Manhattan
504,10.0,20.3,7.6,Manhattan
505,10.0,21.4,6.4,Manhattan
506,23.7,17.6,5.300000000000001,Staten Island
507,3.6999999999999993,13.1,4.2,Staten Island
508,4.1,14.2,3.7,Staten Island
509,10.3,18.7,5.9,Manhattan
510,10.0,19.8,7.0,Manhattan
511,11.5,20.3,7.6,Staten Island
512,19.7,18.7,8.1,Staten Island
513,10.5,19.2,8.7,Staten Island
514,15.6,18.1,6.4,Staten Island
515,10.0,18.7,6.4,Manhattan
516,10.0,21.4,8.1,Manhattan
517,10.0,24.8,9.2,Manhattan
518,11.0,22.6,9.2,Manhattan
519,10.0,24.2,8.1,Manhattan
520,10.0,28.1,9.2,Manhattan
521,10.0,28.7,11.4,Manhattan
522,10.0,28.7,9.2,Manhattan
523,10.0,23.7,10.3,Manhattan
524,10.0,22.6,9.8,Manhattan
525,10.0,22.6,8.1,Manhattan
526,10.0,23.7,8.7,Manhattan
527,10.0,22.0,7.0,Manhattan
528,10.3,22.6,8.7,Manhattan
529,10.0,23.1,8.7,Manhattan
530,10.0,22.0,9.2,Manhattan
531,10.0,27.6,7.0,Manhattan
532,10.0,25.9,9.8,Manhattan
533,10.0,27.6,10.9,Manhattan
534,10.3,25.3,10.3,Staten Island
535,10.0,22.0,9.8,Manhattan
536,13.0,19.2,9.8,Manhattan
537,10.3,22.6,9.2,Manhattan
538,10.0,27.6,8.7,Manhattan
539,17.9,24.2,12.0,Staten Island
540,14.8,23.1,10.9,Staten Island
541,19.9,25.3,11.4,Manhattan
542,12.0,24.2,12.0,Staten Island
543,13.6,23.1,13.7,Staten Island
544,10.0,22.6,13.100000000000001,Manhattan
545,10.0,22.0,15.3,Manhattan
546,10.0,25.9,14.2,Manhattan
547,10.0,23.700000000000003,15.3,Manhattan
548,10.0,20.3,12.6,Manhattan
549,10.0,28.1,13.7,Manhattan
550,10.0,23.7,10.9,Staten Island
551,10.0,25.3,10.9,Manhattan
552,10.0,28.1,10.3,Manhattan
553,10.0,25.9,10.9,Manhattan
554,10.0,28.7,10.3,Manhattan
555,10.0,22.0,12.0,Manhattan
556,10.0,24.2,10.9,Manhattan
557,10.0,24.8,9.2,Manhattan
558,10.0,21.4,10.3,Manhattan
559,10.0,28.1,8.1,Manhattan
560,10.0,29.8,9.8,Manhattan
561,10.0,29.8,11.4,Manhattan
562,10.0,23.1,15.3,Manhattan
563,10.0,24.2,12.0,Brooklyn
564,10.0,28.1,10.9,Manhattan
565,10.0,29.8,10.3,Manhattan
566,10.0,27.0,10.3,Manhattan
567,10.0,25.9,9.8,Manhattan
568,10.0,28.1,10.3,Staten Island
569,10.0,23.1,10.9,Manhattan
570,10.0,23.1,11.4,Manhattan
571,10.0,23.1,9.8,Manhattan
572,10.0,23.1,11.4,Manhattan
573,10.0,27.6,9.8,Manhattan
574,10.0,23.1,9.2,Staten Island
575,10.0,27.0,10.3,Manhattan
576,10.0,27.0,10.3,Manhattan
577,10.0,23.7,10.3,Manhattan
578,10.0,22.6,10.3,Manhattan
579,12.0,19.2,12.0,Manhattan
580,10.0,27.0,12.6,Staten Island
581,10.0,20.9,12.0,Manhattan
582,10.0,22.0,12.0,Manhattan
583,10.0,22.6,10.9,Manhattan
584,10.0,23.1,10.9,Manhattan
585,10.0,20.3,11.4,Manhattan
586,10.0,20.3,11.4,Brooklyn
587,12.3,27.6,12.0,Manhattan
588,10.0,27.0,11.4,Manhattan
589,10.0,27.6,13.100000000000001,Manhattan
590,10.0,29.8,12.0,Manhattan
591,10.8,29.2,12.0,Manhattan
592,11.8,23.1,14.2,Manhattan
593,10.0,20.9,13.100000000000001,Staten Island
594,10.0,27.6,14.2,Manhattan
595,10.0,28.1,12.6,Manhattan
596,10.0,28.7,12.6,Manhattan
597,10.0,27.6,13.100000000000001,Manhattan
598,10.0,29.8,12.0,Manhattan
599,10.0,20.9,12.0,Manhattan
600,10.0,27.0,13.100000000000001,Manhattan
601,10.0,27.0,13.7,Manhattan
602,10.3,24.2,13.100000000000001,Manhattan
603,11.0,26.4,13.100000000000001,Manhattan
604,11.3,28.7,14.2,Manhattan
605,15.6,28.7,12.6,Staten Island
606,29.3,25.9,15.3,Manhattan
607,10.0,28.1,13.100000000000001,Manhattan
608,10.0,29.8,10.9,Manhattan
609,10.0,29.8,12.6,Manhattan
610,10.0,29.8,14.2,Manhattan
611,12.3,27.0,13.7,Staten Island
612,10.3,24.8,13.100000000000001,Staten Island
613,27.7,22.0,12.6,Manhattan
614,21.3,23.7,13.100000000000001,Staten Island
615,10.0,25.3,14.2,Manhattan
616,10.0,28.7,11.4,Staten Island
617,10.0,28.1,10.9,Manhattan
618,10.0,28.7,12.0,Manhattan
619,10.0,25.9,13.100000000000001,Manhattan
620,10.0,27.6,12.0,Manhattan
621,10.0,20.9,12.6,Manhattan
622,10.0,23.7,12.6,Staten Island
623,13.3,20.9,11.4,Manhattan
624,10.3,23.7,12.0,Staten Island
625,10.0,19.8,10.9,Manhattan
626,10.0,23.1,10.3,Manhattan
627,10.0,27.6,7.0,Manhattan
628,13.6,25.3,10.3,Staten Island
629,10.0,23.1,10.3,Manhattan
630,23.5,19.2,10.3,Staten Island
631,12.8,18.1,8.1,Staten Island
632,10.0,19.8,7.0,Manhattan
633,12.0,18.1,6.4,Staten Island
634,10.0,19.2,4.2,Manhattan
635,11.0,15.9,7.6,Staten Island
636,10.0,18.7,8.7,Staten Island
637,26.8,16.4,8.1,Manhattan
638,28.5,15.9,7.0,Staten Island
639,17.9,16.4,5.9,Staten Island
640,5.3,14.8,6.4,Staten Island
641,10.8,16.4,5.9,Staten Island
642,10.0,19.8,2.5999999999999996,Manhattan
643,10.0,22.0,5.300000000000001,Manhattan
644,14.1,24.8,4.8,Staten Island
645,10.5,18.1,8.7,Staten Island
646,16.9,15.9,4.8,Brooklyn
647,10.0,17.0,2.5999999999999996,Manhattan
648,11.0,16.4,5.300000000000001,Staten Island
649,19.1,15.9,7.6,Manhattan
650,11.0,16.4,5.9,Staten Island
651,10.0,17.0,3.7,Staten Island
652,10.0,17.6,0.8999999999999999,Manhattan
653,10.0,17.6,2.0,Manhattan
654,0.0,14.8,5.9,Staten Island
655,10.0,16.4,5.9,Staten Island
656,0.0,14.8,4.2,Manhattan
657,0.0,12.6,4.8,Manhattan
658,0.0,12.6,4.8,Manhattan
659,0.0,13.7,5.300000000000001,Manhattan
660,10.0,16.4,4.2,Manhattan
661,0.0,14.8,3.0999999999999996,Manhattan
662,0.0,12.0,3.0999999999999996,Manhattan
663,0.0,14.2,4.8,Manhattan
664,0.0,13.7,5.300000000000001,Manhattan
665,11.8,15.9,5.300000000000001,Staten Island
666,10.0,16.4,4.2,Manhattan
667,10.0,15.3,0.2999999999999998,Manhattan
668,10.5,17.0,2.5999999999999996,Manhattan
669,10.3,16.4,7.6,Staten Island
670,11.3,19.8,8.7,Manhattan
671,22.7,16.4,5.300000000000001,Staten Island
672,0.5,14.2,1.4000000000000004,Manhattan
673,0.0,12.6,0.8999999999999999,Queens
674,12.5,15.3,4.2,Staten Island
675,3.8,14.8,4.8,Manhattan
676,10.0,13.1,7.0,Staten Island
677,10.0,15.3,4.2,Manhattan
678,1.8000000000000007,13.1,2.0,Manhattan
679,0.0,13.1,5.300000000000001,Manhattan
680,10.0,18.1,3.0999999999999996,Staten Island
681,14.1,17.6,5.9,Staten Island
682,10.0,15.9,7.6,Manhattan
683,1.3000000000000007,13.1,3.0999999999999996,Staten Island
684,3.0,12.6,4.2,Manhattan
685,0.0,12.0,2.0,Manhattan
686,5.3,13.7,4.2,Staten Island
687,6.199999999999999,14.8,6.4,Staten Island
688,11.0,15.3,1.4000000000000004,Staten Island
689,0.0,9.8,-1.3,Manhattan
690,0.0,9.8,-3.5,Manhattan
691,0.0,11.4,-3.0,Manhattan
692,0.0,13.1,-1.9,Manhattan
693,0.0,13.7,-2.4,Staten Island
694,0.0,14.2,-0.7999999999999998,Manhattan
695,0.0,14.2,-0.20000000000000018,Manhattan
696,10.0,16.4,2.5999999999999996,Manhattan
697,0.0,13.7,0.2999999999999998,Manhattan
698,0.5,11.4,2.0,Staten Island
699,2.3,13.1,4.2,Staten Island
700,13.0,15.3,4.8,Staten Island
701,4.6,9.8,-1.3,Manhattan
702,0.0,7.0,-3.5,Manhattan
703,0.0,6.4,-5.1,Manhattan
704,0.0,3.1,-7.9,Manhattan
705,0.0,3.1,-7.3,Manhattan
706,0.0,2.0,-10.1,Manhattan
707,0.0,4.2,-9.6,Manhattan
708,0.0,3.1,-7.9,Manhattan
709,0.0,7.6,-2.4,Manhattan
710,0.0,7.0,-4.6,Manhattan
711,6.9,7.6,-3.5,Manhattan
712,0.5,11.4,2.5999999999999996,Staten Island
713,0.0,11.4,3.0999999999999996,Manhattan
714,1.3000000000000007,13.7,5.300000000000001,Staten Island
715,0.3000000000000007,12.0,1.4000000000000004,Manhattan
716,0.0,10.3,1.4000000000000004,Manhattan
717,1.3000000000000007,9.8,-0.7999999999999998,Staten Island
718,0.0,7.0,-3.0,Manhattan
719,5.6,10.3,-2.4,Staten Island
720,5.6,10.9,2.5999999999999996,Staten Island
721,0.6999999999999993,12.6,5.300000000000001,Staten Island
722,1.5,13.7,3.0999999999999996,Staten Island
723,0.0,10.3,-0.20000000000000018,Manhattan
724,0.0,8.7,-1.3,Manhattan
725,0.0,8.7,-2.4,Manhattan
726,0.3000000000000007,10.9,-3.0,Staten Island
727,0.0,11.4,0.2999999999999998,Manhattan
728,0.0,9.2,-1.3,Manhattan
729,0.3000000000000007,10.9,1.4000000000000004,Manhattan
730,0.5,10.3,2.0,Manhattan
731,0.0,9.2,0.2999999999999998,Manhattan
732,4.1,12.6,3.0999999999999996,Manhattan
733,1.5,10.9,-0.20000000000000018,Staten Island
734,0.0,9.8,-2.4,Staten Island
735,0.0,10.3,-3.5,Manhattan
736,0.3000000000000007,9.8,-3.5,Staten Island
737,2.1999999999999993,10.3,2.0,Manhattan
738,9.7,12.0,4.2,Staten Island
739,5.8,11.4,2.5999999999999996,Staten Island
740,4.3,14.8,5.300000000000001,Manhattan
741,21.3,16.4,4.2,Staten Island
742,1.5,13.1,2.5999999999999996,Staten Island
743,0.0,12.6,7.0,Manhattan
744,0.0,13.1,4.2,Manhattan
745,0.0,13.1,2.5999999999999996,Manhattan
746,0.0,8.7,1.4000000000000004,Manhattan
747,0.0,7.6,-0.20000000000000018,Manhattan
748,0.0,11.4,-2.4,Manhattan
749,0.0,8.1,0.2999999999999998,Manhattan
750,0.0,12.0,-0.20000000000000018,Manhattan
751,0.0,12.0,-1.3,Manhattan
752,0.5,11.4,2.5999999999999996,Manhattan
753,0.0,12.0,-0.20000000000000018,Staten Island
754,0.0,14.8,-1.9,Manhattan
755,0.0,14.2,-1.9,Manhattan
756,0.0,10.3,-2.4,Manhattan
757,0.0,11.4,-1.3,Manhattan
758,8.9,13.1,3.0999999999999996,Staten Island
759,1.6000000000000014,13.1,4.2,Staten Island
760,0.0,10.3,3.0999999999999996,Manhattan
761,2.3,9.8,2.5999999999999996,Staten Island
762,2.0,9.8,-0.20000000000000018,Manhattan
763,0.0,10.9,-1.9,Manhattan
764,0.0,7.0,-3.0,Manhattan
765,0.0,4.8,-5.1,Manhattan
766,0.0,1.5,-8.5,Manhattan
767,0.0,0.3999999999999999,-9.0,Manhattan
768,0.0,5.3,-7.9,Manhattan
769,5.1,7.6,-3.5,Staten Island
770,0.5,5.9,-3.0,Staten Island
771,8.3,12.0,-0.7999999999999998,Staten Island
772,7.0,14.2,2.5999999999999996,Staten Island
773,4.6,14.2,4.2,Staten Island
774,1.8000000000000007,14.8,4.8,Staten Island
775,9.4,13.7,3.0999999999999996,Staten Island
776,1.6999999999999993,13.1,2.0,Staten Island
777,6.399999999999999,11.4,0.8999999999999999,Staten Island
778,4.5,10.3,1.4000000000000004,Staten Island
779,5.199999999999999,10.9,2.0,Staten Island
780,1.0,10.3,0.8999999999999999,Manhattan
781,3.0,12.0,2.5999999999999996,Staten Island
782,2.8,8.7,0.8999999999999999,Staten Island
783,2.5,7.6,-0.20000000000000018,Staten Island
784,6.1,9.2,0.8999999999999999,Staten Island
785,3.0,8.7,0.2999999999999998,Staten Island
786,0.3000000000000007,14.2,0.8999999999999999,Staten Island
787,10.0,15.9,2.5999999999999996,Manhattan
788,0.0,14.8,1.4000000000000004,Manhattan
789,10.0,16.4,1.4000000000000004,Manhattan
790,0.5,9.2,1.4000000000000004,Manhattan
791,9.100000000000001,13.1,-0.20000000000000018,Staten Island
792,20.7,16.4,5.9,Staten Island
793,26.5,15.9,4.8,Staten Island
794,10.0,17.6,7.6,Staten Island
795,13.0,15.3,7.0,Staten Island
796,10.0,17.6,5.9,Manhattan
797,12.299999999999997,14.8,3.7,Staten Island
798,14.3,17.0,6.4,Staten Island
799,8.8,14.2,3.0999999999999996,Staten Island
800,10.0,16.4,1.4000000000000004,Staten Island
801,10.0,18.1,0.2999999999999998,Staten Island
802,10.5,15.9,2.0,Staten Island
803,16.9,16.4,5.300000000000001,Staten Island
804,18.1,18.7,1.4000000000000004,Staten Island
805,7.699999999999999,12.6,1.4000000000000004,Staten Island
806,0.3000000000000007,12.0,-0.20000000000000018,Staten Island
807,0.0,12.0,0.2999999999999998,Manhattan
808,0.5,13.1,0.2999999999999998,Manhattan
809,0.0,13.1,-1.3,Manhattan
810,0.0,12.6,-0.20000000000000018,Manhattan
811,0.0,13.1,-1.9,Manhattan
812,0.0,14.8,1.4000000000000004,Manhattan
813,10.0,20.9,-0.20000000000000018,Manhattan
814,14.1,15.9,3.7,Staten Island
815,3.5999999999999996,13.1,2.5999999999999996,Staten Island
816,0.3000000000000007,14.2,3.7,Staten Island
817,2.1000000000000014,13.7,4.2,Staten Island
818,4.0,13.7,4.2,Staten Island
819,0.0,13.1,2.0,Manhattan
820,10.0,17.6,-0.7999999999999998,Manhattan
821,10.0,16.4,3.7,Manhattan
822,10.0,16.4,2.5999999999999996,Manhattan
823,12.5,15.3,3.0999999999999996,Manhattan
824,0.0,14.8,3.0999999999999996,Manhattan
825,4.6,13.7,4.8,Staten Island
826,10.0,15.9,5.300000000000001,Manhattan
827,10.0,23.1,6.4,Manhattan
828,14.6,17.6,5.300000000000001,Staten Island
829,10.0,16.4,3.7,Manhattan
830,10.0,17.0,3.7,Manhattan
831,10.0,19.2,2.0,Manhattan
832,10.0,18.1,4.8,Manhattan
833,10.0,22.6,2.5999999999999996,Manhattan
834,10.0,22.0,2.5999999999999996,Manhattan
835,10.5,16.4,4.8,Manhattan
836,0.9000000000000004,13.1,5.9,Staten Island
837,8.5,13.7,4.2,Staten Island
838,10.0,16.4,2.5999999999999996,Manhattan
839,3.6999999999999993,13.7,2.5999999999999996,Staten Island
840,10.0,17.6,2.5999999999999996,Manhattan
841,15.1,19.2,4.8,Staten Island
842,4.199999999999999,14.2,2.0,Staten Island
843,8.9,13.7,3.0999999999999996,Staten Island
844,22.4,15.9,3.0999999999999996,Staten Island
845,10.0,16.4,2.5999999999999996,Manhattan
846,13.3,17.0,2.5999999999999996,Manhattan
847,6.9,13.1,3.0999999999999996,Staten Island
848,10.0,18.1,1.4000000000000004,Manhattan
849,10.0,27.0,6.4,Manhattan
850,10.0,29.8,6.4,Manhattan
851,10.0,21.4,8.1,Manhattan
852,10.0,20.3,7.6,Manhattan
853,10.0,17.0,5.9,Staten Island
854,26.0,16.4,5.9,Staten Island
855,15.1,17.6,6.4,Staten Island
856,10.0,18.7,5.300000000000001,Manhattan
857,10.0,20.3,4.2,Manhattan
858,23.7,15.9,6.4,Staten Island
859,12.0,15.3,4.2,Manhattan
860,10.5,17.6,4.2,Staten Island
861,10.0,20.9,5.300000000000001,Manhattan
862,10.0,26.4,6.4,Manhattan
863,10.0,28.7,9.8,Manhattan
864,10.0,29.8,10.3,Manhattan
865,10.0,28.7,9.8,Manhattan
866,10.0,22.0,8.7,Manhattan
867,10.0,22.0,8.7,Manhattan
868,10.0,22.0,7.6,Manhattan
869,10.0,23.1,7.0,Manhattan
870,10.0,24.2,7.0,Manhattan
871,10.0,22.0,7.6,Manhattan
872,10.0,26.4,8.7,Manhattan
873,13.8,22.0,9.8,Staten Island
874,10.0,20.3,8.1,Manhattan
875,15.6,17.0,7.6,Staten Island
876,10.0,20.3,8.1,Manhattan
877,10.0,22.0,7.0,Manhattan
878,10.0,20.9,7.0,Manhattan
879,10.0,20.9,8.1,Manhattan
880,10.0,22.6,5.9,Manhattan
881,10.0,25.3,7.0,Manhattan
882,10.0,24.2,7.6,Manhattan
883,10.0,25.3,8.1,Manhattan
884,10.0,20.3,8.1,Manhattan
885,10.0,21.4,7.0,Manhattan
886,10.0,24.2,7.0,Manhattan
887,10.0,27.0,7.6,Manhattan
888,10.0,26.4,10.3,Manhattan
889,10.0,25.3,9.2,Manhattan
890,10.0,23.1,10.3,Manhattan
891,10.0,22.0,9.2,Manhattan
892,10.0,25.9,8.1,Manhattan
893,11.8,23.7,9.2,Manhattan
894,16.4,17.6,8.1,Staten Island
895,10.0,19.8,8.7,Manhattan
896,10.5,20.3,7.0,Staten Island
897,13.6,19.8,5.9,Staten Island
898,11.3,19.8,7.0,Staten Island
899,10.0,20.9,8.1,Manhattan
900,10.8,27.6,8.7,Manhattan
901,10.3,22.0,7.0,Manhattan
902,10.0,24.2,7.6,Manhattan
903,10.0,27.0,8.1,Manhattan
904,10.0,27.0,10.3,Manhattan
905,10.0,26.4,11.4,Manhattan
906,10.0,28.1,10.9,Manhattan
907,10.0,23.1,11.4,Manhattan
908,11.8,23.1,10.9,Staten Island
909,12.3,22.0,10.3,Staten Island
910,10.0,22.6,9.8,Manhattan
911,10.0,27.6,9.8,Manhattan
912,10.0,26.4,12.6,Manhattan
913,10.0,29.2,11.4,Manhattan
914,10.0,23.7,10.9,Manhattan
915,10.0,25.9,10.9,Manhattan
916,10.0,26.4,10.3,Staten Island
917,10.0,20.9,12.0,Manhattan
918,10.0,29.2,14.8,Staten Island
919,10.0,22.0,12.6,Manhattan
920,10.0,28.7,10.9,Manhattan
921,10.0,20.9,9.8,Staten Island
922,10.0,23.1,12.0,Manhattan
923,10.0,24.200000000000003,13.7,Manhattan
924,10.0,21.4,12.0,Brooklyn
925,10.0,29.8,12.0,Manhattan
926,10.0,23.1,10.9,Manhattan
927,10.0,23.1,11.4,Manhattan
928,10.0,28.7,10.9,Manhattan
929,10.0,25.9,8.7,Manhattan
930,10.0,27.6,12.0,Staten Island
931,10.0,21.4,11.4,Manhattan
932,10.0,25.9,10.3,Manhattan
933,10.3,23.1,10.3,Staten Island
934,29.3,20.9,10.3,Manhattan
935,10.0,22.6,9.8,Manhattan
936,10.0,24.8,9.2,Manhattan
937,10.0,28.1,10.3,Manhattan
938,10.0,20.3,12.0,Manhattan
939,10.0,22.6,12.0,Manhattan
940,10.0,22.0,12.6,Manhattan
941,10.0,21.4,11.4,Manhattan
942,10.0,22.6,14.8,Manhattan
943,10.0,20.9,12.0,Manhattan
944,10.5,21.4,12.6,Manhattan
945,10.0,23.700000000000003,11.4,Manhattan
946,10.0,24.799999999999997,13.100000000000001,Manhattan
947,10.0,27.0,10.9,Manhattan
948,10.0,28.1,12.0,Staten Island
949,10.0,27.6,10.3,Staten Island
950,10.0,27.6,10.3,Manhattan
951,10.0,29.2,12.6,Manhattan
952,10.0,22.6,10.9,Manhattan
953,10.5,27.6,14.8,Brooklyn
954,22.7,29.2,14.2,Staten Island
955,21.6,25.3,12.0,Staten Island
956,10.0,23.1,14.2,Manhattan
957,11.0,26.4,13.7,Staten Island
958,10.0,27.6,12.6,Manhattan
959,10.0,29.8,12.0,Manhattan
960,10.0,21.4,12.6,Manhattan
961,10.0,29.2,12.6,Manhattan
962,10.0,23.7,10.9,Manhattan
963,10.0,23.1,8.1,Manhattan
964,10.0,25.9,10.3,Manhattan
965,10.0,29.8,10.9,Manhattan
966,10.0,27.0,10.3,Manhattan
967,10.0,20.9,11.4,Manhattan
968,10.0,23.1,12.6,Manhattan
969,10.0,20.9,13.100000000000001,Manhattan
970,10.0,25.3,11.4,Manhattan
971,10.0,24.8,12.0,Manhattan
972,18.4,19.8,12.0,Staten Island
973,11.3,23.1,10.9,Staten Island
974,10.0,25.3,9.8,Manhattan
975,13.0,22.0,10.9,Staten Island
976,10.0,22.6,9.8,Manhattan
977,10.0,25.9,8.1,Staten Island
978,10.0,29.8,10.9,Staten Island
979,10.0,24.200000000000003,12.0,Manhattan
980,10.0,20.3,10.3,Manhattan
981,10.0,23.1,10.3,Manhattan
982,10.0,23.7,10.3,Manhattan
983,10.0,24.2,9.2,Manhattan
984,10.0,26.4,9.8,Manhattan
985,10.0,26.4,9.8,Manhattan
986,10.0,20.3,7.0,Manhattan
987,10.0,22.0,8.7,Manhattan
988,10.0,22.6,9.2,Manhattan
989,10.0,24.2,10.9,Manhattan
990,10.5,24.8,11.4,Manhattan
991,10.3,21.4,12.0,Staten Island
992,10.0,25.9,13.100000000000001,Manhattan
993,10.0,26.4,11.4,Staten Island
994,10.0,28.1,9.8,Manhattan
995,10.3,24.2,12.0,Staten Island
996,28.3,20.9,11.4,Staten Island
997,20.3,20.9,11.4,Staten Island
998,14.3,23.7,11.4,Staten Island
999,18.9,22.0,10.9,Staten Island
1000,10.0,22.6,8.7,Staten Island
1001,10.0,20.9,9.2,Staten Island
1002,10.8,18.7,8.1,Staten Island
1003,10.0,21.4,9.2,Manhattan
1004,10.0,20.3,8.1,Manhattan
1005,10.0,21.4,7.0,Manhattan
1006,10.0,24.2,5.9,Manhattan
1007,10.0,23.7,9.2,Manhattan
1008,10.0,25.9,8.7,Staten Island
1009,10.0,27.6,10.3,Staten Island
1010,10.0,20.9,10.9,Staten Island
1011,10.0,22.6,9.8,Staten Island
1012,10.0,19.2,8.1,Staten Island
1013,10.3,20.3,7.0,Staten Island
1014,17.4,20.3,8.7,Brooklyn
1015,10.0,19.8,8.7,Manhattan
1016,17.6,23.1,7.0,Staten Island
1017,17.1,18.7,8.7,Staten Island
1018,18.6,18.1,8.7,Staten Island
1019,10.0,22.6,8.1,Manhattan
1020,13.3,18.7,8.7,Staten Island
1021,25.0,21.4,10.9,Staten Island
1022,10.0,24.2,9.8,Manhattan
1023,21.7,18.1,9.2,Staten Island
1024,11.0,18.1,8.7,Manhattan
1025,10.0,17.6,8.7,Staten Island
1026,19.4,16.4,5.300000000000001,Manhattan
1027,14.1,16.4,5.9,Manhattan
1028,16.1,18.7,5.300000000000001,Staten Island
1029,1.5,14.8,4.8,Staten Island
1030,10.8,17.6,3.7,Manhattan
1031,22.7,17.0,6.4,Staten Island
1032,10.5,18.7,8.7,Staten Island
1033,25.4,17.6,8.1,Staten Island
1034,7.0,14.8,5.300000000000001,Staten Island
1035,0.0,13.1,4.2,Staten Island
1036,11.8,15.3,4.2,Staten Island
1037,20.9,15.9,8.1,Staten Island
1038,14.1,16.4,7.6,Staten Island
1039,14.8,17.0,7.6,Staten Island
1040,14.1,18.7,7.6,Staten Island
1041,10.0,16.4,4.2,Manhattan
1042,0.0,14.8,0.8999999999999999,Staten Island
1043,15.1,15.3,4.8,Staten Island
1044,0.0,13.1,2.5999999999999996,Manhattan
1045,0.0,9.8,-1.9,Manhattan
1046,0.0,8.7,-3.0,Manhattan
1047,0.0,9.2,-2.4,Manhattan
1048,0.0,9.2,-5.1,Manhattan
1049,0.0,10.3,-4.6,Manhattan
1050,0.0,11.4,-5.1,Manhattan
1051,0.0,12.6,-5.1,Manhattan
1052,0.0,9.2,-3.5,Manhattan
1053,0.0,13.1,-0.7999999999999998,Manhattan
1054,3.5999999999999996,13.1,2.5999999999999996,Staten Island
1055,5.199999999999999,13.1,5.300000000000001,Staten Island
1056,0.5,11.4,3.7,Manhattan
1057,1.9000000000000004,14.8,2.5999999999999996,Staten Island
1058,1.3000000000000007,13.7,1.4000000000000004,Staten Island
1059,28.3,15.9,6.4,Staten Island
1060,10.3,17.0,9.2,Manhattan
1061,13.3,16.4,8.7,Staten Island
1062,14.299999999999997,14.8,0.2999999999999998,Staten Island
1063,3.5999999999999996,6.4,-7.3,Staten Island
1064,0.0,4.8,-7.9,Manhattan
1065,0.0,6.4,-6.2,Manhattan
1066,0.0,7.6,-6.2,Staten Island
1067,0.0,12.0,-3.0,Manhattan
1068,0.8000000000000007,10.3,0.8999999999999999,Staten Island
1069,3.0,14.8,3.7,Staten Island
1070,7.4,13.7,4.8,Staten Island
1071,10.0,16.4,3.0999999999999996,Manhattan
1072,19.1,16.4,5.9,Staten Island
1073,19.9,18.1,7.6,Staten Island
1074,23.0,20.9,7.0,Staten Island
1075,16.9,16.4,5.300000000000001,Staten Island
1076,0.0,13.1,4.2,Manhattan
1077,0.0,12.0,0.8999999999999999,Staten Island
1078,0.0,14.8,-1.3,Staten Island
1079,0.0,14.2,3.7,Manhattan
1080,0.0,12.0,5.300000000000001,Manhattan
1081,2.8,10.9,3.0999999999999996,Staten Island
1082,3.0,11.4,3.7,Staten Island
1083,3.0,13.1,4.2,Manhattan
1084,9.600000000000001,14.8,3.7,Staten Island
1085,0.0,14.8,7.0,Manhattan
1086,0.0,12.6,3.0999999999999996,Manhattan
1087,0.6000000000000014,14.2,2.0,Staten Island
1088,5.3,9.2,0.8999999999999999,Staten Island
1089,0.0,9.8,-0.20000000000000018,Staten Island
1090,0.0,7.6,-1.3,Staten Island
1091,3.3,11.4,1.4000000000000004,Staten Island
1092,4.1,8.7,-0.20000000000000018,Staten Island
1093,0.0,8.1,-2.4,Staten Island
1094,0.0,5.3,-5.1,Manhattan
1095,0.0,5.3,-5.7,Manhattan
1096,0.0,7.6,-6.2,Manhattan
1097,1.5,7.6,-3.0,Staten Island
1098,0.0,7.0,-1.3,Staten Island
1099,0.1999999999999993,12.6,0.2999999999999998,Staten Island
1100,8.1,14.2,6.4,Staten Island
1101,0.0,14.2,3.0999999999999996,Staten Island
1102,0.0,9.8,2.5999999999999996,Staten Island
1103,0.0,9.8,-1.3,Staten Island
1104,0.3000000000000007,12.0,0.2999999999999998,Staten Island
1105,5.8,9.8,3.0999999999999996,Staten Island
1106,1.5,11.4,4.2,Staten Island
1107,0.0,13.1,1.4000000000000004,Staten Island
1108,0.0,11.4,-0.20000000000000018,Staten Island
1109,0.0,8.1,-2.4,Staten Island
1110,9.7,9.8,-1.9,Staten Island
1111,0.0,13.7,2.5999999999999996,Staten Island
1112,26.2,15.3,0.2999999999999998,Staten Island
1113,21.3,15.9,4.2,Brooklyn
1114,0.5,12.0,3.0999999999999996,Manhattan
1115,0.0,12.0,0.2999999999999998,Staten Island
1116,0.0,9.2,-3.5,Staten Island
1117,0.8000000000000007,11.4,3.0999999999999996,Staten Island
1118,5.8,14.2,5.300000000000001,Staten Island
1119,10.5,16.4,8.1,Staten Island
1120,10.0,19.2,4.2,Staten Island
1121,10.0,18.1,3.0999999999999996,Staten Island
1122,0.8000000000000007,13.1,5.300000000000001,Staten Island
1123,0.0,14.2,2.0,Staten Island
1124,0.0,14.2,0.2999999999999998,Manhattan
1125,0.0,10.3,-1.9,Staten Island
1126,0.0,9.2,0.2999999999999998,Staten Island
1127,1.5,11.4,1.4000000000000004,Staten Island
1128,7.4,13.1,2.0,Staten Island
1129,1.3000000000000007,12.0,2.5999999999999996,Staten Island
1130,8.4,12.6,1.4000000000000004,Staten Island
1131,26.2,15.3,5.300000000000001,Staten Island
1132,27.3,16.4,7.0,Staten Island
1133,3.6000000000000014,14.2,6.4,Staten Island
1134,13.6,17.0,5.300000000000001,Staten Island
1135,16.1,15.3,5.300000000000001,Staten Island
1136,0.3000000000000007,14.8,5.300000000000001,Staten Island
1137,0.0,14.8,2.5999999999999996,Staten Island
1138,11.0,18.7,6.4,Manhattan
1139,10.0,17.6,3.7,Staten Island
1140,10.3,16.4,3.7,Staten Island
1141,0.0,14.2,0.8999999999999999,Manhattan
1142,10.0,17.0,2.5999999999999996,Staten Island
1143,10.0,18.1,1.4000000000000004,Manhattan
1144,0.0,14.2,1.4000000000000004,Manhattan
1145,4.6,12.6,5.300000000000001,Staten Island
1146,0.8000000000000007,13.1,4.2,Staten Island
1147,0.0,14.2,2.5999999999999996,Manhattan
1148,0.0,13.7,0.2999999999999998,Manhattan
1149,0.0,14.8,-2.4,Manhattan
1150,0.0,13.1,-0.7999999999999998,Manhattan
1151,4.1,12.0,3.7,Staten Island
1152,9.4,13.7,4.8,Staten Island
1153,8.3,12.0,3.7,Staten Island
1154,0.0,14.2,0.2999999999999998,Manhattan
1155,0.0,13.1,-1.9,Manhattan
1156,0.0,13.1,1.4000000000000004,Manhattan
1157,0.0,12.6,-3.0,Manhattan
1158,0.0,14.8,-3.5,Manhattan
1159,10.0,15.3,-0.20000000000000018,Manhattan
1160,10.0,17.0,0.2999999999999998,Manhattan
1161,10.0,18.7,0.8999999999999999,Staten Island
1162,10.0,19.2,0.8999999999999999,Staten Island
1163,10.0,16.4,1.4000000000000004,Staten Island
1164,10.8,15.3,2.0,Staten Island
1165,12.5,16.4,5.9,Staten Island
1166,10.0,19.8,6.4,Manhattan
1167,12.0,19.2,4.8,Manhattan
1168,27.0,15.9,6.4,Staten Island
1169,10.0,12.6,3.0999999999999996,Staten Island
1170,11.0,15.9,3.0999999999999996,Staten Island
1171,10.8,15.3,1.4000000000000004,Manhattan
1172,10.0,17.6,4.2,Manhattan
1173,10.0,17.6,5.300000000000001,Manhattan
1174,14.1,15.9,5.9,Manhattan
1175,13.8,15.3,5.300000000000001,Staten Island
1176,1.0,13.7,3.0999999999999996,Manhattan
1177,8.1,13.1,2.5999999999999996,Staten Island
1178,7.6,14.8,3.0999999999999996,Staten Island
1179,15.1,16.4,4.2,Staten Island
1180,10.0,22.6,7.0,Manhattan
1181,11.0,20.3,5.9,Staten Island
1182,10.0,17.6,6.4,Manhattan
1183,10.0,17.6,5.9,Manhattan
1184,11.8,19.8,7.6,Staten Island
1185,1.0,14.8,3.0999999999999996,Staten Island
1186,5.1,14.8,2.5999999999999996,Brooklyn
1187,10.0,15.3,2.5999999999999996,Manhattan
1188,1.5,13.1,2.0,Staten Island
1189,0.0,14.8,0.8999999999999999,Manhattan
1190,10.0,18.7,-0.20000000000000018,Manhattan
1191,11.0,15.9,3.7,Manhattan
1192,10.5,16.4,3.7,Manhattan
1193,10.0,19.2,3.0999999999999996,Manhattan
1194,10.0,19.2,3.0999999999999996,Manhattan
1195,20.9,15.9,4.8,Staten Island
1196,0.0,13.7,2.5999999999999996,Manhattan
1197,10.0,15.3,2.5999999999999996,Manhattan
1198,4.0,13.7,0.8999999999999999,Staten Island
1199,3.3,13.7,-0.20000000000000018,Manhattan
1200,10.0,15.9,0.2999999999999998,Manhattan
1201,10.0,19.8,0.8999999999999999,Manhattan
1202,10.0,20.9,3.0999999999999996,Manhattan
1203,10.0,20.9,5.300000000000001,Manhattan
1204,10.0,23.1,5.300000000000001,Manhattan
1205,10.0,24.8,4.8,Manhattan
1206,15.6,19.2,3.7,Staten Island
1207,10.0,17.6,2.0,Manhattan
1208,3.0,14.2,3.7,Staten Island
1209,3.3,14.2,3.0999999999999996,Staten Island
1210,11.3,15.3,2.5999999999999996,Staten Island
1211,10.0,17.6,1.4000000000000004,Staten Island
1212,10.3,27.0,7.6,Staten Island
1213,11.8,17.6,5.9,Staten Island
1214,10.0,18.1,4.2,Manhattan
1215,10.0,19.2,4.8,Manhattan
1216,10.0,20.3,5.9,Manhattan
1217,10.0,20.3,4.8,Manhattan
1218,10.0,22.6,4.8,Manhattan
1219,10.0,19.2,4.2,Manhattan
1220,16.1,16.4,4.2,Staten Island
1221,10.0,18.7,4.2,Staten Island
1222,10.0,22.6,3.0999999999999996,Manhattan
1223,10.0,25.9,5.300000000000001,Manhattan
1224,10.0,28.7,6.4,Manhattan
1225,10.0,21.4,8.1,Manhattan
1226,10.0,15.9,7.0,Staten Island
1227,14.3,17.6,7.6,Staten Island
1228,4.1,14.2,7.0,Staten Island
1229,10.3,19.8,6.4,Staten Island
1230,10.0,22.0,6.4,Staten Island
1231,10.0,17.6,8.1,Manhattan
1232,10.0,21.4,7.6,Manhattan
1233,10.0,27.6,9.2,Manhattan
1234,10.0,23.7,8.7,Manhattan
1235,10.0,25.3,7.6,Staten Island
1236,10.0,27.6,8.7,Manhattan
1237,10.0,18.7,8.7,Manhattan
1238,10.0,18.1,8.7,Manhattan
1239,10.0,19.8,8.1,Manhattan
1240,10.0,17.6,8.1,Manhattan
1241,10.0,23.7,8.7,Manhattan
1242,10.0,26.4,8.7,Manhattan
1243,10.0,29.8,9.2,Manhattan
1244,10.0,28.1,9.8,Manhattan
1245,10.0,24.8,7.0,Manhattan
1246,10.0,27.0,8.7,Manhattan
1247,14.6,18.1,8.7,Staten Island
1248,10.5,19.8,9.8,Manhattan
1249,10.0,22.0,8.7,Manhattan
1250,10.0,24.8,8.7,Manhattan
1251,10.0,28.7,9.8,Manhattan
1252,10.0,21.4,10.3,Manhattan
1253,10.0,23.1,12.6,Manhattan
1254,10.0,22.6,11.4,Manhattan
1255,10.0,20.9,11.4,Manhattan
1256,10.0,27.6,8.1,Manhattan
1257,10.0,26.4,8.1,Manhattan
1258,10.0,22.0,8.7,Manhattan
1259,10.0,25.9,6.4,Manhattan
1260,10.0,29.8,8.7,Manhattan
1261,10.0,22.0,13.100000000000001,Queens
1262,10.0,24.8,8.1,Manhattan
1263,10.0,27.0,8.1,Manhattan
1264,10.0,26.4,10.9,Manhattan
1265,10.5,25.9,10.3,Staten Island
1266,10.0,27.0,9.8,Manhattan
1267,10.0,27.6,10.9,Manhattan
1268,10.0,27.0,9.8,Manhattan
1269,10.0,28.1,8.7,Manhattan
1270,10.0,27.6,13.100000000000001,Manhattan
1271,10.0,22.6,12.6,Manhattan
1272,10.0,23.700000000000003,14.8,Manhattan
1273,10.0,25.299999999999997,14.2,Manhattan
1274,10.3,20.3,15.3,Manhattan
1275,10.0,20.9,14.2,Manhattan
1276,10.0,22.6,12.0,Staten Island
1277,10.0,24.200000000000003,14.2,Manhattan
1278,10.0,25.9,14.8,Manhattan
1279,10.0,25.299999999999997,14.8,Manhattan
1280,10.0,25.299999999999997,12.0,Manhattan
1281,10.0,24.799999999999997,13.7,Manhattan
1282,10.0,21.4,12.6,Queens
1283,10.0,29.2,10.9,Manhattan
1284,10.0,22.0,11.4,Queens
1285,10.0,20.9,11.4,Manhattan
1286,10.0,23.1,13.7,Manhattan
1287,10.0,24.2,13.7,Manhattan
1288,10.0,28.1,13.7,Manhattan
1289,10.0,27.6,13.100000000000001,Manhattan
1290,10.0,29.8,13.100000000000001,Manhattan
1291,10.0,28.1,11.4,Manhattan
1292,10.0,28.1,12.0,Manhattan
1293,10.0,29.8,10.9,Manhattan
1294,10.0,25.299999999999997,14.8,Manhattan
1295,10.0,27.0,14.2,Manhattan
1296,10.0,28.7,13.7,Manhattan
1297,10.0,25.9,12.0,Manhattan
1298,10.0,25.9,10.9,Manhattan
1299,10.0,28.1,11.4,Manhattan
1300,10.3,24.8,10.3,Staten Island
1301,10.0,23.1,11.4,Staten Island
1302,12.0,24.2,10.9,Staten Island
1303,10.0,25.3,9.2,Staten Island
1304,10.0,29.8,10.9,Manhattan
1305,10.0,24.200000000000003,11.4,Manhattan
1306,10.0,26.4,14.2,Manhattan
1307,10.0,26.4,14.8,Manhattan
1308,10.0,25.299999999999997,12.6,Manhattan
1309,10.0,22.6,13.100000000000001,Manhattan
1310,10.0,20.3,14.2,Manhattan
1311,10.0,28.1,11.4,Staten Island
1312,10.0,25.3,9.2,Manhattan
1313,10.0,27.0,12.0,Manhattan
1314,10.0,20.3,12.6,Manhattan
1315,10.0,27.0,12.6,Staten Island
1316,10.0,20.3,12.0,Manhattan
1317,10.0,20.9,13.100000000000001,Manhattan
1318,10.0,22.0,13.7,Manhattan
1319,17.6,20.3,13.7,Brooklyn
1320,10.0,20.3,12.6,Manhattan
1321,10.0,20.3,12.0,Brooklyn
1322,10.0,23.7,10.9,Manhattan
1323,10.0,27.0,11.4,Manhattan
1324,10.0,29.2,10.9,Manhattan
1325,10.0,22.0,12.0,Manhattan
1326,10.0,23.700000000000003,13.100000000000001,Queens
1327,12.0,24.8,11.4,Staten Island
1328,10.0,24.2,11.4,Manhattan
1329,10.0,28.7,9.2,Queens
1330,10.0,29.8,10.9,Queens
1331,10.0,25.9,9.2,Manhattan
1332,10.0,27.6,9.2,Manhattan
1333,10.0,20.3,10.9,Manhattan
1334,10.0,21.4,11.4,Manhattan
1335,10.5,25.3,12.6,Staten Island
1336,10.0,24.2,10.3,Staten Island
1337,20.2,22.0,9.8,Staten Island
1338,10.0,20.9,13.100000000000001,Manhattan
1339,15.8,21.4,10.9,Staten Island
1340,10.0,21.4,8.1,Manhattan
1341,10.0,20.3,7.6,Manhattan
1342,10.0,20.3,7.0,Manhattan
1343,10.3,22.6,5.9,Manhattan
1344,15.3,18.1,8.7,Staten Island
1345,10.3,23.1,10.3,Staten Island
1346,10.0,24.8,10.3,Manhattan
1347,10.0,26.4,10.9,Manhattan
1348,10.0,27.0,11.4,Staten Island
1349,10.0,29.2,12.0,Manhattan
1350,10.0,28.7,11.4,Manhattan
1351,10.5,22.6,9.8,Staten Island
1352,10.0,18.7,7.6,Manhattan
1353,10.0,19.8,7.0,Manhattan
1354,11.0,22.0,7.0,Manhattan
1355,11.8,20.3,9.8,Staten Island
1356,10.0,21.4,9.8,Manhattan
1357,10.0,23.1,11.4,Manhattan
1358,14.1,24.8,9.2,Staten Island
1359,10.0,20.3,6.4,Staten Island
1360,10.0,20.9,4.8,Manhattan
1361,10.0,22.6,5.300000000000001,Manhattan
1362,10.0,24.2,8.1,Staten Island
1363,12.0,17.6,9.8,Staten Island
1364,10.0,20.3,7.0,Manhattan
1365,10.0,19.8,4.2,Manhattan
1366,10.0,23.1,6.4,Manhattan
1367,10.0,23.7,5.9,Manhattan
1368,10.0,20.3,7.0,Staten Island
1369,10.0,23.1,6.4,Staten Island
1370,10.0,17.6,7.0,Staten Island
1371,10.0,21.4,8.1,Manhattan
1372,10.0,24.8,7.0,Manhattan
1373,10.0,25.3,6.4,Manhattan
1374,10.0,20.3,7.0,Queens
1375,19.9,18.1,10.9,Staten Island
1376,10.0,20.9,10.3,Staten Island
1377,10.3,21.4,9.2,Staten Island
1378,28.7,23.1,10.3,Staten Island
1379,10.0,19.8,7.6,Manhattan
1380,14.6,20.3,7.6,Staten Island
1381,11.3,18.7,6.4,Staten Island
1382,10.0,17.0,7.0,Staten Island
1383,10.0,23.1,6.4,Staten Island
1384,10.0,22.0,5.9,Manhattan
1385,10.3,21.4,8.7,Staten Island
1386,13.8,17.0,9.8,Staten Island
1387,10.3,19.2,9.2,Staten Island
1388,10.0,19.8,7.6,Staten Island
1389,10.0,18.1,5.300000000000001,Staten Island
1390,10.0,18.1,5.9,Staten Island
1391,0.0,14.8,4.2,Staten Island
1392,10.0,17.0,5.9,Staten Island
1393,18.9,21.4,5.9,Brooklyn
1394,6.9,14.2,7.0,Staten Island
1395,10.0,18.1,4.8,Staten Island
1396,13.3,15.9,8.1,Staten Island
1397,11.8,17.0,9.2,Staten Island
1398,29.3,19.2,8.7,Staten Island
1399,10.0,17.6,8.7,Staten Island
1400,6.199999999999999,14.2,5.9,Staten Island
1401,0.3000000000000007,13.1,4.2,Staten Island
1402,0.8000000000000007,12.6,2.0,Staten Island
1403,0.0,12.0,0.2999999999999998,Manhattan
1404,1.3000000000000007,13.7,4.8,Staten Island
1405,10.0,17.6,5.300000000000001,Staten Island
1406,2.6999999999999993,14.2,6.4,Staten Island
1407,6.6,13.1,4.8,Staten Island
1408,3.3,12.0,2.0,Staten Island
1409,1.3000000000000007,13.1,0.8999999999999999,Staten Island
1410,1.5,13.1,3.0999999999999996,Manhattan
1411,9.9,13.1,2.0,Staten Island
1412,10.0,15.3,6.4,Staten Island
1413,27.200000000000003,11.4,3.0999999999999996,Staten Island
1414,2.3999999999999986,10.9,-0.7999999999999998,Staten Island
1415,2.0,10.9,-1.3,Staten Island
1416,29.5,15.3,3.7,Staten Island
1417,1.5,10.9,0.2999999999999998,Manhattan
1418,2.0,10.9,-0.20000000000000018,Manhattan
1419,0.0,10.3,-2.4,Staten Island
1420,0.0,10.9,-2.4,Manhattan
1421,0.0,12.0,-1.3,Staten Island
1422,3.0,8.7,-3.0,Staten Island
1423,7.1,8.7,-0.20000000000000018,Staten Island
1424,0.0,9.2,-3.0,Manhattan
1425,0.0,11.4,-4.0,Manhattan
1426,0.0,11.4,-4.6,Manhattan
1427,0.0,9.2,-5.7,Manhattan
1428,0.0,3.7,-5.1,Staten Island
1429,0.5,7.6,-6.8,Staten Island
1430,2.1999999999999993,12.0,0.8999999999999999,Staten Island
1431,2.5,12.6,1.4000000000000004,Staten Island
1432,22.7,17.6,4.8,Staten Island
1433,2.0,12.6,3.0999999999999996,Staten Island
1434,5.699999999999999,12.0,3.0999999999999996,Staten Island
1435,1.1999999999999993,14.8,4.2,Staten Island
1436,7.399999999999999,13.1,5.300000000000001,Staten Island
1437,10.0,17.6,7.0,Staten Island
1438,3.5,14.2,4.8,Staten Island
1439,9.4,13.7,3.0999999999999996,Staten Island
1440,0.3000000000000007,11.4,1.4000000000000004,Manhattan
1441,6.0,10.9,2.5999999999999996,Staten Island
1442,1.3000000000000007,9.8,3.0999999999999996,Manhattan
1443,0.0,9.8,-1.3,Manhattan
1444,1.5,8.7,-1.9,Staten Island
1445,3.5999999999999996,8.1,-0.20000000000000018,Staten Island
1446,1.8000000000000007,8.7,0.8999999999999999,Staten Island
1447,8.5,10.9,1.4000000000000004,Staten Island
1448,0.0,10.3,-0.20000000000000018,Staten Island
1449,4.3,9.8,1.4000000000000004,Staten Island
1450,7.399999999999999,7.6,-0.20000000000000018,Staten Island
1451,4.6,9.8,-0.20000000000000018,Staten Island
1452,6.1,7.0,-0.20000000000000018,Staten Island
1453,2.5,7.6,-0.7999999999999998,Staten Island
1454,5.8,7.0,-0.7999999999999998,Staten Island
1455,0.0,6.4,-3.0,Manhattan
1456,8.6,6.4,-1.3,Staten Island
1457,1.5,7.0,-1.3,Staten Island
1458,0.0,9.2,-2.4,Staten Island
1459,0.0,7.6,-4.0,Manhattan
1460,0.0,7.6,-5.1,Manhattan
1461,9.0,26.0,10.0,Bronx
1462,9.0,26.0,10.0,Bronx
1463,9.0,26.0,10.0,Bronx
1464,9.0,26.0,10.0,Bronx
1465,9.0,26.0,10.0,Bronx
1466,9.0,26.0,10.0,Bronx
1467,9.0,26.0,10.0,Bronx
1468,9.0,26.0,10.0,Bronx
1469,9.0,26.0,10.0,Bronx
1470,9.0,26.0,10.0,Bronx
1471,9.0,26.0,10.0,Bronx
1472,9.0,26.0,10.0,Bronx
1473,9.0,26.0,10.0,Bronx
1474,9.0,26.0,10.0,Bronx
1475,9.0,26.0,10.0,Bronx
1476,9.0,26.0,10.0,Bronx
1477,9.0,26.0,10.0,Bronx
1478,9.0,26.0,10.0,Bronx
1479,9.0,26.0,10.0,Bronx
1480,9.0,26.0,10.0,Bronx
1481,9.0,26.0,10.0,Bronx
1482,9.0,26.0,10.0,Bronx
1483,9.0,26.0,10.0,Bronx
1484,9.0,26.0,10.0,Bronx
1485,9.0,26.0,10.0,Bronx
1486,9.0,26.0,10.0,Bronx
1487,9.0,26.0,10.0,Bronx
1488,9.0,26.0,10.0,Bronx
1489,9.0,26.0,10.0,Bronx
1490,9.0,26.0,10.0,Bronx
1491,9.0,26.0,10.0,Bronx
1492,9.0,26.0,10.0,Bronx
1493,9.0,26.0,10.0,Bronx
1494,9.0,26.0,10.0,Bronx
1495,9.0,26.0,10.0,Bronx
1496,9.0,26.0,10.0,Bronx
1497,9.0,26.0,10.0,Bronx
1498,9.0,26.0,10.0,Bronx
1499,9.0,26.0,10.0,Bronx
1500,9.0,26.0,10.0,Bronx
1501,9.0,26.0,10.0,Bronx
1502,9.0,26.0,10.0,Bronx
1503,9.0,26.0,10.0,Bronx
1504,9.0,26.0,10.0,Bronx
1505,9.0,26.0,10.0,Bronx
1506,9.0,26.0,10.0,Bronx
1507,9.0,26.0,10.0,Bronx
1508,9.0,26.0,10.0,Bronx
1509,9.0,26.0,10.0,Bronx
1510,9.0,26.0,10.0,Bronx
1511,9.0,26.0,10.0,Bronx
1512,9.0,26.0,10.0,Bronx
1513,9.0,26.0,10.0,Bronx
1514,9.0,26.0,10.0,Bronx
1515,9.0,26.0,10.0,Bronx
1516,9.0,26.0,10.0,Bronx
1517,9.0,26.0,10.0,Bronx
1518,9.0,26.0,10.0,Bronx
1519,9.0,26.0,10.0,Bronx
1520,9.0,26.0,10.0,Bronx
1521,9.0,26.0,10.0,Bronx
1522,9.0,26.0,10.0,Bronx
1523,9.0,26.0,10.0,Bronx
1524,9.0,26.0,10.0,Bronx
1525,9.0,26.0,10.0,Bronx
1526,9.0,26.0,10.0,Bronx
1527,9.0,26.0,10.0,Bronx
1528,9.0,26.0,10.0,Bronx
1529,9.0,26.0,10.0,Bronx
1530,9.0,26.0,10.0,Bronx
1531,9.0,26.0,10.0,Bronx
1532,9.0,26.0,10.0,Bronx
1533,9.0,26.0,10.0,Bronx
1534,9.0,26.0,10.0,Bronx
1535,9.0,26.0,10.0,Bronx
1536,9.0,26.0,10.0,Bronx
1537,9.0,26.0,10.0,Bronx
1538,9.0,26.0,10.0,Bronx
1539,9.0,26.0,10.0,Bronx
1540,9.0,26.0,10.0,Bronx
1541,9.0,26.0,10.0,Bronx
1542,9.0,26.0,10.0,Bronx
1543,9.0,26.0,10.0,Bronx
1544,9.0,26.0,10.0,Bronx
1545,9.0,26.0,10.0,Bronx
1546,9.0,26.0,10.0,Bronx
1547,9.0,26.0,10.0,Bronx
1548,9.0,26.0,10.0,Bronx
1549,9.0,26.0,10.0,Bronx
1550,9.0,26.0,10.0,Bronx
1551,9.0,26.0,10.0,Bronx
1552,9.0,26.0,10.0,Bronx
1553,9.0,26.0,10.0,Bronx
1554,9.0,26.0,10.0,Bronx
1555,9.0,26.0,10.0,Bronx
1556,9.0,26.0,10.0,Bronx
1557,9.0,26.0,10.0,Bronx
1558,9.0,26.0,10.0,Bronx
1559,9.0,26.0,10.0,Bronx
1560,9.0,26.0,10.0,Bronx
1561,9.0,26.0,10.0,Bronx
1562,9.0,26.0,10.0,Bronx
1563,9.0,26.0,10.0,Bronx
1564,9.0,26.0,10.0,Bronx
1565,9.0,26.0,10.0,Bronx
1566,9.0,26.0,10.0,Bronx
1567,9.0,26.0,10.0,Bronx
1568,9.0,26.0,10.0,Bronx
1569,9.0,26.0,10.0,Bronx
1570,9.0,26.0,10.0,Bronx
1571,9.0,26.0,10.0,Bronx
1572,9.0,26.0,10.0,Bronx
1573,9.0,26.0,10.0,Bronx
1574,9.0,26.0,10.0,Bronx
1575,9.0,26.0,10.0,Bronx
1576,9.0,26.0,10.0,Bronx
1577,9.0,26.0,10.0,Bronx
1578,9.0,26.0,10.0,Bronx
1579,9.0,26.0,10.0,Bronx
1580,9.0,26.0,10.0,Bronx
1581,9.0,26.0,10.0,Bronx
1582,9.0,26.0,10.0,Bronx
1583,9.0,26.0,10.0,Bronx
1584,9.0,26.0,10.0,Bronx
1585,9.0,26.0,10.0,Bronx
1586,9.0,26.0,10.0,Bronx
1587,9.0,26.0,10.0,Bronx
1588,9.0,26.0,10.0,Bronx
1589,9.0,26.0,10.0,Bronx
1590,9.0,26.0,10.0,Bronx
1591,9.0,26.0,10.0,Bronx
1592,9.0,26.0,10.0,Bronx
1593,9.0,26.0,10.0,Bronx
1594,9.0,26.0,10.0,Bronx
1595,9.0,26.0,10.0,Bronx
1596,9.0,26.0,10.0,Bronx
1597,9.0,26.0,10.0,Bronx
1598,9.0,26.0,10.0,Bronx
1599,9.0,26.0,10.0,Bronx
1600,9.0,26.0,10.0,Bronx
1601,9.0,26.0,10.0,Bronx
1602,9.0,26.0,10.0,Bronx
1603,9.0,26.0,10.0,Bronx
1604,9.0,26.0,10.0,Bronx
1605,9.0,26.0,10.0,Bronx
1606,9.0,26.0,10.0,Bronx
1607,9.0,26.0,10.0,Bronx
1608,9.0,26.0,10.0,Bronx
1609,9.0,26.0,10.0,Bronx
1610,9.0,26.0,10.0,Bronx
1611,8.0,26.0,10.0,Queens
1612,8.0,26.0,10.0,Queens
1613,8.0,26.0,10.0,Queens
1614,8.0,26.0,10.0,Queens
1615,8.0,26.0,10.0,Queens
1616,8.0,26.0,10.0,Queens
1617,8.0,26.0,10.0,Queens
1618,8.0,26.0,10.0,Queens
1619,8.0,26.0,10.0,Queens
1620,8.0,26.0,10.0,Queens
1621,8.0,26.0,10.0,Queens
1622,8.0,26.0,10.0,Queens
1623,8.0,26.0,10.0,Queens
1624,8.0,26.0,10.0,Queens
1625,8.0,26.0,10.0,Queens
1626,8.0,26.0,10.0,Queens
1627,8.0,26.0,10.0,Queens
1628,8.0,26.0,10.0,Queens
1629,8.0,26.0,10.0,Queens
1630,8.0,26.0,10.0,Queens
1631,8.0,26.0,10.0,Queens
1632,8.0,26.0,10.0,Queens
1633,8.0,26.0,10.0,Queens
1634,8.0,26.0,10.0,Queens
1635,8.0,26.0,10.0,Queens
1636,8.0,26.0,10.0,Queens
1637,8.0,26.0,10.0,Queens
1638,8.0,26.0,10.0,Queens
1639,8.0,26.0,10.0,Queens
1640,8.0,26.0,10.0,Queens
1641,8.0,26.0,10.0,Queens
1642,8.0,26.0,10.0,Queens
1643,8.0,26.0,10.0,Queens
1644,8.0,26.0,10.0,Queens
1645,8.0,26.0,10.0,Queens
1646,8.0,26.0,10.0,Queens
1647,8.0,26.0,10.0,Queens
1648,8.0,26.0,10.0,Queens
1649,8.0,26.0,10.0,Queens
1650,8.0,26.0,10.0,Queens
1651,8.0,26.0,10.0,Queens
1652,8.0,26.0,10.0,Queens
1653,8.0,26.0,10.0,Queens
1654,8.0,26.0,10.0,Queens
1655,8.0,26.0,10.0,Queens
1656,8.0,26.0,10.0,Queens
1657,8.0,26.0,10.0,Queens
1658,8.0,26.0,10.0,Queens
1659,8.0,26.0,10.0,Queens
1660,8.0,26.0,10.0,Queens
1661,8.0,26.0,10.0,Queens
1662,8.0,26.0,10.0,Queens
1663,8.0,26.0,10.0,Queens
1664,8.0,26.0,10.0,Queens
1665,8.0,26.0,10.0,Queens
1666,8.0,26.0,10.0,Queens
1667,8.0,26.0,10.0,Queens
1668,8.0,26.0,10.0,Queens
1669,8.0,26.0,10.0,Queens
1670,8.0,26.0,10.0,Queens
1671,8.0,26.0,10.0,Queens
1672,8.0,26.0,10.0,Queens
1673,8.0,26.0,10.0,Queens
1674,8.0,26.0,10.0,Queens
1675,8.0,26.0,10.0,Queens
1676,8.0,26.0,10.0,Queens
1677,8.0,26.0,10.0,Queens
1678,8.0,26.0,10.0,Queens
1679,8.0,26.0,10.0,Queens
1680,8.0,26.0,10.0,Queens
1681,8.0,26.0,10.0,Queens
1682,8.0,26.0,10.0,Queens
1683,8.0,26.0,10.0,Queens
1684,8.0,26.0,10.0,Queens
1685,8.0,26.0,10.0,Queens
1686,8.0,26.0,10.0,Queens
1687,8.0,26.0,10.0,Queens
1688,8.0,26.0,10.0,Queens
1689,8.0,26.0,10.0,Queens
1690,8.0,26.0,10.0,Queens
1691,8.0,26.0,10.0,Queens
1692,8.0,26.0,10.0,Queens
1693,8.0,26.0,10.0,Queens
1694,8.0,26.0,10.0,Queens
1695,8.0,26.0,10.0,Queens
1696,8.0,26.0,10.0,Queens
1697,8.0,26.0,10.0,Queens
1698,8.0,26.0,10.0,Queens
1699,8.0,26.0,10.0,Queens
1700,8.0,26.0,10.0,Queens
1701,8.0,26.0,10.0,Queens
1702,8.0,26.0,10.0,Queens
1703,8.0,26.0,10.0,Queens
1704,8.0,26.0,10.0,Queens
1705,8.0,26.0,10.0,Queens
1706,8.0,26.0,10.0,Queens
1707,8.0,26.0,10.0,Queens
1708,8.0,26.0,10.0,Queens
1709,8.0,26.0,10.0,Queens
1710,8.0,26.0,10.0,Queens
1711,8.0,26.0,10.0,Queens
1712,8.0,26.0,10.0,Queens
1713,8.0,26.0,10.0,Queens
1714,8.0,26.0,10.0,Queens
1715,8.0,26.0,10.0,Queens
1716,8.0,26.0,10.0,Queens
1717,8.0,26.0,10.0,Queens
1718,8.0,26.0,10.0,Queens
1719,8.0,26.0,10.0,Queens
1720,8.0,26.0,10.0,Queens
1721,8.0,26.0,10.0,Queens
1722,8.0,26.0,10.0,Queens
1723,8.0,26.0,10.0,Queens
1724,8.0,26.0,10.0,Queens
1725,8.0,26.0,10.0,Queens
1726,8.0,26.0,10.0,Queens
1727,8.0,26.0,10.0,Queens
1728,8.0,26.0,10.0,Queens
1729,8.0,26.0,10.0,Queens
1730,8.0,26.0,10.0,Queens
1731,8.0,26.0,10.0,Queens
1732,8.0,26.0,10.0,Queens
1733,8.0,26.0,10.0,Queens
1734,8.0,26.0,10.0,Queens
1735,8.0,26.0,10.0,Queens
1736,8.0,26.0,10.0,Queens
1737,8.0,26.0,10.0,Queens
1738,8.0,26.0,10.0,Queens
1739,8.0,26.0,10.0,Queens
1740,8.0,26.0,10.0,Queens
1741,8.0,26.0,10.0,Queens
1742,8.0,26.0,10.0,Queens
1743,8.0,26.0,10.0,Queens
1744,8.0,26.0,10.0,Queens
1745,8.0,26.0,10.0,Queens
1746,8.0,26.0,10.0,Queens
1747,8.0,26.0,10.0,Queens
1748,8.0,26.0,10.0,Queens
1749,8.0,26.0,10.0,Queens
1750,8.0,26.0,10.0,Queens
1751,8.0,26.0,10.0,Queens
1752,8.0,26.0,10.0,Queens
1753,8.0,26.0,10.0,Queens
1754,8.0,26.0,10.0,Queens
1755,8.0,26.0,10.0,Queens
1756,8.0,26.0,10.0,Queens
1757,8.0,26.0,10.0,Queens
1758,8.0,26.0,10.0,Queens
1759,8.0,26.0,10.0,Queens
1760,8.0,26.0,10.0,Queens
1761,8.0,26.0,10.0,Queens
1762,8.0,26.0,10.0,Queens
1763,8.0,26.0,10.0,Queens
1764,8.0,26.0,10.0,Queens
1765,8.0,26.0,10.0,Queens
1766,8.0,26.0,10.0,Queens
1767,8.0,26.0,10.0,Queens
1768,8.0,26.0,10.0,Queens
1769,8.0,26.0,10.0,Queens
1770,8.0,26.0,10.0,Queens
1771,8.0,26.0,10.0,Queens
1772,8.0,26.0,10.0,Queens
1773,8.0,26.0,10.0,Queens
1774,8.0,26.0,10.0,Queens
1775,8.0,26.0,10.0,Queens
1776,8.0,26.0,10.0,Queens
1777,8.0,26.0,10.0,Queens
1778,8.0,26.0,10.0,Queens
1779,8.0,26.0,10.0,Queens
1780,8.0,26.0,10.0,Queens
1781,8.0,26.0,10.0,Queens
1782,8.0,26.0,10.0,Queens
1783,8.0,26.0,10.0,Queens
1784,8.0,26.0,10.0,Queens
1785,8.0,26.0,10.0,Queens
1786,5.0,26.0,10.0,Brooklyn
1787,5.0,26.0,10.0,Brooklyn
1788,5.0,26.0,10.0,Brooklyn
1789,5.0,26.0,10.0,Brooklyn
1790,5.0,26.0,10.0,Brooklyn
1791,5.0,26.0,10.0,Brooklyn
1792,5.0,26.0,10.0,Brooklyn
1793,5.0,26.0,10.0,Brooklyn
1794,5.0,26.0,10.0,Brooklyn
1795,5.0,26.0,10.0,Brooklyn
1796,5.0,26.0,10.0,Brooklyn
1797,5.0,26.0,10.0,Brooklyn
1798,5.0,26.0,10.0,Brooklyn
1799,5.0,26.0,10.0,Brooklyn
1800,5.0,26.0,10.0,Brooklyn
1801,5.0,26.0,10.0,Brooklyn
1802,5.0,26.0,10.0,Brooklyn
1803,5.0,26.0,10.0,Brooklyn
1804,5.0,26.0,10.0,Brooklyn
1805,5.0,26.0,10.0,Brooklyn
1806,5.0,26.0,10.0,Brooklyn
1807,5.0,26.0,10.0,Brooklyn
1808,5.0,26.0,10.0,Brooklyn
1809,5.0,26.0,10.0,Brooklyn
1810,5.0,26.0,10.0,Brooklyn
1811,5.0,26.0,10.0,Brooklyn
1812,5.0,26.0,10.0,Brooklyn
1813,5.0,26.0,10.0,Brooklyn
1814,5.0,26.0,10.0,Brooklyn
1815,5.0,26.0,10.0,Brooklyn
1816,5.0,26.0,10.0,Brooklyn
1817,5.0,26.0,10.0,Brooklyn
1818,5.0,26.0,10.0,Brooklyn
1819,5.0,26.0,10.0,Brooklyn
1820,5.0,26.0,10.0,Brooklyn
1821,5.0,26.0,10.0,Brooklyn
1822,5.0,26.0,10.0,Brooklyn
1823,5.0,26.0,10.0,Brooklyn
1824,5.0,26.0,10.0,Brooklyn
1825,5.0,26.0,10.0,Brooklyn
1826,5.0,26.0,10.0,Brooklyn
1827,5.0,26.0,10.0,Brooklyn
1828,5.0,26.0,10.0,Brooklyn
1829,5.0,26.0,10.0,Brooklyn
1830,5.0,26.0,10.0,Brooklyn
1831,5.0,26.0,10.0,Brooklyn
1832,5.0,26.0,10.0,Brooklyn
1833,5.0,26.0,10.0,Brooklyn
1834,5.0,26.0,10.0,Brooklyn
1835,5.0,26.0,10.0,Brooklyn
